Workbook
Name 명단: 임금대장!$C$5:$V$16

Sheet 임금대장
B1: 희망재가방문요양시설 03월 인건비 산출(2021)
A3: 부서 | B3: NO | C3: 이름 | D3: 시간 | E3: 인지 시간 | F3: 급여 | K3: 비과세 | L3: 총보수 | M3: 4대보험 근로자 부담 | V3: 계 | W3: 급여지급액 | X3: 사업주부담금 | AD3: 계
F4: 기본급 | G4: 가산금 | H4: 상여금 | I4: 장기근속 장려금 | J4: 시간외수당 | K4: 식대및 유류대 | M4: 국민연금 | N4: 건강보험 | O4: 노인장기 요양보험 | P4: 고용보험 | Q4: 연말 정산공제 | R4: 갑근세 | S4: 주민세 | W4: 실지급액 | X4: 연금 | Y4: 건강 | Z4: 장기 | AA4: 고용 | AB4: 산재 | AC4: 퇴직금
A5: 요양보호사 | B5: 1 | C5: 홍길동 | D5: 70 | F5: =(D5+E5)*12000 -> 840000 | L5: =SUM(F5:J5) -> 840000 | M5: =X5 -> 27310 | N5: =Y5 -> 21110 | O5: =Z5 -> 2430 | P5: =ROUNDDOWN((AF5*0.8%),-1) -> 0 | V5: =SUM(M5:U5) -> 50850 | W5: =L5-V5 -> 789150 | X5: 27310 | Y5: 21110 | Z5: 2430 | AA5: =ROUNDDOWN((AF5*1.05%),-1) -> 0 | AB5: 4670 | AC5: =ROUNDDOWN((L5*1/12),-1) -> 70000 | AD5: =SUM(AA5:AC5) -> 74670
A6: 요양보호사 | B6: 2 | C6: 이효리
A7: 요양보호사 | B7: 3 | C7: 옥주현
A8: 요양보호사 | B8: 4 | C8: 이진
A9: 요양보호사 | B9: 5 | C9: 성유리
A10: 요양보호사 | B10: 6 | C10: 유재석
A11: 요양보호사 | B11: 7 | C11: 박명수
A12: 요양보호사 | B12: 8 | C12: 정준하
A13: 요양보호사 | B13: 9 | C13: 정형돈
A14: 요양보호사 | B14: 10 | C14: 노홍철
A15: 사회복지사 | B15: 11 | C15: 하하
A16: 시설장 | B16: 12 | C16: 김태호
B17: 합 계 | F17: =SUM(F5:F16) -> 840000 | G17: =SUM(G5:G16) -> 0 | H17: =SUM(H5:H16) -> 0 | I17: =SUM(I5:I16) -> 0 | J17: =SUM(J5:J16) -> 0 | K17: =SUM(K5:K16) -> 0 | L17: =SUM(L5:L16) -> 840000 | M17: =SUM(M5:M16) -> 27310 | ... Q17: =SUM(Q5:Q16) -> 0 | V17: =SUM(M17:U17) -> 50850 | W17: =SUM(W5:W16) -> 789150 | AA17: =SUM(AA5:AA16) -> 0 | AB17: =SUM(AB5:AB16) -> 4670 | AC17: =SUM(AC5:AC16) -> 70000 | AD17: =SUM(AD5:AD16) -> 74670

Sheet 명세서
B1: <사무실 보관용> | N1: <직원 보관용>
B2: =CONCATENATE(Z5,"년 ",AB5,"월 급여명세서") -> 2021년 3월 급여명세서 | N2: =B2 -> 2021년 3월 급여명세서 | AA2: 홍길동 | AD2: ☜여기에 직원이름을 치세요
C4: 부 서 | E4: 성 명 | H4: 급여지급일 | O4: 부 서 | Q4: 성 명 | T4: 급여지급일
C5: =IF(E5="하하","사회복지사",IF(E5="김태호","센터장","요양보호사")) -> 요양보호사 | E5: =AA2 -> 홍길동 | H5: 2021.04.20 | O5: =C5 -> 요양보호사 | Q5: =E5 -> 홍길동 | T5: =H5 -> 2021.04.20 | Z5: 2021 | AA5: 년 | AB5: 3 | AC5: 월
C7: 희망재가 노인요양센터 | O7: =C7 -> 희망재가 노인요양센터
C8: * 귀하의 노고에 진심으로 감사드립니다 * | O8: =C8 -> * 귀하의 노고에 진심으로 감사드립니다 *
C9: =CONCATENATE("[ 급여산정기간 ",Z5,".",RIGHT("0" & AB5, 2),".01 ~ ",Z5,".",RIGHT("0" & AB5, 2),".",DAY(DATE(Z5,AB5+1,1)-1)," ]") -> [ 급여산정기간 2021.03.01 ~ 2021.03.31 ] | O9: =C9 -> [ 급여산정기간 2021.03.01 ~ 2021.03.31 ]
B11: 지 급 사 항 | C11: 항 목 | G11: 시 간 | I11: 금 액 | N11: 지 급 사 항 | O11: 항 목 | S11: 시 간 | U11: 금 액
C12: 시급(시간) | G12: =VLOOKUP($E$5,명단,2,0) -> 70 | H12: *12000 | I12: =VLOOKUP($E$5,명단,4,0) -> 840000 | O12: 시급(시간) | S12: =G12 -> 70 | T12: =H12 -> *12000 | U12: =I12 -> 840000
C13: 가산금 | I13: =VLOOKUP($E$5,명단,5,0) -> 0 | O13: 가산금 | U13: =I13 -> 0
C14: 시간외수당 | I14: =VLOOKUP($E$5,명단,8,0) -> 0 | O14: 시간외수당 | U14: =I14 -> 0
C15: =임금대장!$I$4 -> 장기근속 장려금 | I15: =VLOOKUP($E$5,명단,7,0) -> 0 | O15: =임금대장!$I$4 -> 장기근속 장려금 | U15: =I15 -> 0
C16: 상여금 | I16: =VLOOKUP($E$5,명단,6,0) -> 0 | O16: 상여금 | U16: =I16 -> 0
C17: 총 급여액 | G17: =SUM(I12:K16) -> 840000 | O17: 총 급여액 | S17: =G17 -> 840000
B18: 공 제 사 항 | C18: =임금대장!$P$4 -> 고용보험 | E18: =VLOOKUP($E$5,명단,14,0) -> 0 | G18: =임금대장!$R$4 -> 갑근세 | I18: =VLOOKUP($E$5,명단,16,0) -> 0 | N18: 공 제 사 항 | O18: =임금대장!$P$4 -> 고용보험 | Q18: =E18 -> 0 | S18: =임금대장!$R$4 -> 갑근세 | U18: =I18 -> 0
C19: =임금대장!$N$4 -> 건강보험 | E19: =VLOOKUP($E$5,명단,12,0) -> 21110 | G19: =임금대장!$S$4 -> 주민세 | I19: =VLOOKUP($E$5,명단,17,0) -> 0 | O19: =임금대장!$N$4 -> 건강보험 | Q19: =E19 -> 21110 | S19: =임금대장!$S$4 -> 주민세 | U19: =I19 -> 0
C20: =임금대장!$O$4 -> 노인장기 요양보험 | E20: =VLOOKUP($E$5,명단,13,0) -> 2430 | O20: =임금대장!$O$4 -> 노인장기 요양보험 | Q20: =E20 -> 2430
C21: =임금대장!$M$4 -> 국민연금 | E21: =VLOOKUP($E$5,명단,11,0) -> 27310 | G21: =임금대장!$Q$4 -> 연말 정산공제 | I21: =VLOOKUP($E$5,명단,15,0) -> 0 | O21: =임금대장!$M$4 -> 국민연금 | Q21: =E21 -> 27310 | S21: =임금대장!$Q$4 -> 연말 정산공제 | U21: =I21 -> 0
C22: 공 제 계 | G22: =SUM(E18:F21,I18:K19,I21) -> 50850 | O22: 공 제 계 | S22: =G22 -> 50850
B23: 차 감 지 급 액 | G23: =G17-G22 -> 789150 | N23: 차 감 지 급 액 | S23: =G23 -> 789150
B24: ( 확 인 란 ) | G24: =E5 -> 홍길동 | J24: (인) | N24: ( 확 인 란 ) | S24: =G24 -> 홍길동 | V24: (인)
